id,forager_id,item_id,kg
758ce5ab-7a41-41f4-926c-41b10aa15d33,6daf1510-2aaa-4371-a810-e5e441d456e0,11,4.428871135280756
640728f7-f955-4372-a4d4-4ad12ccdbbf2,fd0dd029-5141-4e8e-b936-483a62ac0b44,6,3.811100440796382
