id,forager_id,item_id,kg
12b47002-56d4-4bb4-b7ff-f24f1d84171c,962f5874-02a3-446f-b64d-9ae4a3298807,15,5.022551325281751
c055258a-f600-425d-aba5-5f635e5b5eee,6426b6b4-3953-4926-84ef-64feabbb40be,23,2.610588270832952
