id,forager_id,item_id,kg
e9cba8c0-5ec2-4c38-8597-80aac0f8e372,8ef00eab-ab28-4f7c-9488-1f04eba3a941,2,4.903072639749461
310f3da1-b55d-47d7-bc2e-20a479ead5a0,21c83be9-90f5-41d9-8eb0-a1f766369d9e,18,1.2030173267556594
78780a1d-811d-4aed-8a40-351ebe9ab2ed,ec2bc632-15e6-4a12-86eb-90da39a5874e,24,0.13856982994365433
