id,forager_id,item_id,kg
64cdf0d0-e745-486b-bab3-bd2410cfb61f,f5921cc0-2dac-48e8-944c-5c021ce11a56,11,0.83739545654806
ace1c84f-6502-4c90-b1b9-2cb4c861bef6,7edd51e8-4dc5-4032-8a9a-04f2b1f2454b,4,1.6409554783581242
c797da73-b368-4f18-b5be-24d1274d46ae,663a289d-3ce6-4597-809b-50719d1fde33,11,3.036930741700338
