id,forager_id,item_id,kg
c58f04a2-df64-46c6-a6ad-0bf120085067,c649b4ba-4891-48e6-b99d-ce87092b027c,5,4.839982208192456
c494cc48-5ca7-40e2-8859-d40d1ae0df3b,65c1d9d9-d70f-43d5-8240-a9f109d571d9,21,1.8103027751683054
