id,forager_id,item_id,kg
74e8e1e6-b453-496a-bdfe-98a295225a6e,60872911-fe9a-4c51-8fcc-b3e89a24845e,5,2.858494545050052
f07d64d0-318a-45e5-8735-79d5f1e791ac,0e78d41b-7478-4a30-aeda-3333bb6801d4,25,2.1752198844864994
