id,forager_id,item_id,kg
cf3892b7-ddf2-4670-8997-9a841de798de,0fb6ee46-65c8-4b46-b716-3dc25e2606b2,22,0.502330582862398
3324d3f5-8936-47eb-9b17-2225ef192cc7,57bdbb93-c371-42a2-973c-2e7459114129,16,4.8977479165816575
