id,forager_id,item_id,kg
59fa23f4-2858-4fc9-b060-3f64ebcea909,74d6d426-45aa-4a7e-a101-0ddc8fc6e04f,3,1.7285643826309294
0cb97b4c-3fd4-442b-8bcf-4a48a01ae98b,ef3eb73d-a0ec-4cfe-8991-21f6c4ec9be3,6,2.5208589490204845
a2256943-7d08-4123-91b5-78f9f2035309,cf7e078b-36b0-42f2-8936-ba72787694aa,16,0.3405521273963651
