id,forager_id,item_id,kg
4f2e39a1-c321-418e-aebd-8a51c2d48510,2ad05be6-0816-4063-be54-724ce2e04455,16,3.497298507261451
178220da-285a-456a-8ce1-2e376ee04355,53721ced-38c1-485b-87ba-4385c6864f24,24,0.9985577069335565
1bada6f2-2030-4f3c-a985-d2a392ace8b7,d1989823-5a95-4148-a32b-1d7a6a3a43c5,18,2.8825846105865223
