id,forager_id,item_id,kg
ad8c21d7-304d-4f9e-9dd0-3698f04b008d,6096101e-3c49-4b86-b082-0669e9cf424c,13,4.647520306744435
e2126529-6584-4275-9b26-db462c8c5e08,dd819269-69ee-41f4-a930-f0002946a741,20,4.448932845294633
