id,forager_id,item_id,kg
b11fc51e-02af-4239-a4b9-0ca07b3060c2,82e5c638-bab7-4159-b1fc-2520dc81bcda,9,4.5588668757522965
7dd4d230-bde6-4f32-8538-0f53404b066d,7474ba68-2ae3-4a57-beb7-60f8bd97291d,16,3.6660426337005947
b4f5423c-f30b-4d30-9407-7aa2157f7a84,4c34aa51-27ed-457b-9ba5-5d3d14e5c786,14,2.1755019791380215
6454ab47-1c4a-446a-89fd-9c6dcea23826,7e2672f3-2701-4027-9289-67eda6707b27,27,1.174737344265676
68f5537d-57ca-4c47-a847-c5d46613f568,0884a4f3-8296-4e67-8999-b35e9ca3cbc7,25,4.302132663910408
