id,forager_id,item_id,kg
3b6b2162-30d6-4df6-8add-3732d0c03213,06c1297c-7116-4d9d-ae6b-b9b2adcd716d,11,5.0701867543284695
bd8d67e7-0c25-427f-9dba-202857c6aef9,b15770af-a76a-4db1-a542-eb4800253437,13,4.191561728028253
fd6b1b48-7155-451b-8fee-4275a2654f66,8a1f73ac-fbe8-4d15-9ad5-e8d5749952bb,13,5.047211489969419
