id,forager_id,item_id,kg
f060739e-d995-47cf-978b-570a7aa0fb16,4d0a70a5-0e8c-4559-99b2-6fe37f101db2,21,3.3990185636127768
66dfeab2-55d5-4c76-b5b3-f351cdc8bdf1,7d24718c-3803-4295-bd5b-ec26fc734cb7,21,4.9540369542201095
