id,forager_id,item_id,kg
26528f7b-30cc-4d92-84c1-b2caae0f8319,0ffc0532-8976-4859-af6e-fedbe192fca7,2,4.505879253865274
45cb54b8-92c7-4c71-b352-0603afbb3744,8705e42a-4984-4711-9e88-2dbdf519681a,13,4.960480429975637
