id,forager_id,item_id,kg
ac976cf0-6b2b-440f-bb9e-9bd8f086a06b,ca91683b-61df-4e3d-a846-7215dce9c437,12,2.188381654918348
981b3524-74d3-4771-9141-f5f1d6e5ffde,c649b4ba-4891-48e6-b99d-ce87092b027c,9,1.748860438625438
