id,forager_id,item_id,kg
223c00e1-2fd9-456f-af39-2ac5185876ba,ee845e5f-bc63-4b43-aec6-ad7d2f0b8d0e,13,2.3973302638905203
cc7c3ef1-5efb-42dc-8c19-7ed331413882,a03edcf4-76c9-4e90-92be-7a00f4755e1e,10,0.1755352746018051
