id,forager_id,item_id,kg
6b264e77-daa3-42ff-b446-bd8f8110913d,4b8e03e3-8d76-4807-92a9-7f156c7b31a3,2,3.9072983277560955
e5ad813b-d81b-484a-9df1-34ccaea184e9,795bdeb3-37ce-4f86-8ad1-ece1000d9626,7,1.7889574500719934
