id,forager_id,item_id,kg
79f400f6-a2c2-4c7e-b0d9-aa8704465f0e,2b0f4833-f764-45b2-9c05-aac1ea49410c,7,1.432977906412387
9c16fe7d-d016-4530-8a45-436eeaf704d8,29cc14e2-159e-48bf-905c-912f4678c0c3,11,3.5980991575468804
c92607b7-8337-4aca-a44d-75cf21a74009,7a664e3c-ad00-4eb8-a710-a30eb3f974ec,4,4.233122554716831
