id,forager_id,item_id,kg
12f5930e-c22b-4ccb-bbd6-b7a3739bb452,0407429f-843a-409b-9aa1-140d71ef92f1,11,2.5520550585922535
82b8243d-713a-4958-8a3b-af6caa625672,a1980d6d-9fb3-4893-8f1f-1700000157b4,9,0.7220461107830599
