id,forager_id,item_id,kg
280e7566-b1b2-4fb5-bffa-962030f692ae,472b8079-e818-46c4-aacd-3ffbc07776e0,13,3.795797970992085
f041aae4-fc82-41f5-97a3-40f1c1345735,7a8d74fb-2397-47f5-9aeb-1b83c238ec80,7,0.827066661786272
614430b1-008e-457a-8009-2ab682365cf1,82e5c638-bab7-4159-b1fc-2520dc81bcda,7,3.2961382741944427
8ec4b18b-ff3c-4da3-9471-0d6f3b15864b,80371faf-3771-46d4-8034-f284330a85bc,9,1.1317750829346078
