id,forager_id,item_id,kg
3a47ed6b-865f-4501-9e54-0924903ccdd1,aaf63abc-bc9b-40be-84c5-df41c7905488,22,2.434430181203616
8bd05982-8058-4cc1-9758-228a090016b2,39d4b1ea-3a9c-4c67-a44e-d7f8527366e8,7,2.1243251682001913
