id,forager_id,item_id,kg
dcb9b7dd-1f74-4a51-9fb4-5bcb233bd366,56beb46c-843f-4a98-a191-3cf0cb4d8d7b,17,2.9666912468958824
f3835a26-f456-420f-b928-f13537383047,2c36458a-205e-4bf3-8cb2-fb20036f99f2,10,4.539521472078059
f7ca7a24-4e86-482e-93c3-7adaed49668e,dd6c459e-693d-47dd-afb0-80691a4eb265,24,1.898432021499628
