id,forager_id,item_id,kg
85b875b3-ff46-4576-8d87-211d599f681b,1b83e64b-c74a-48c3-b9d3-04702d5e5d02,17,3.7900466191451927
61b72eb3-07ef-4959-aa47-cb984bda56a7,9930760a-da47-4bf4-b7db-889341431822,12,1.9696645158401989
