id,forager_id,item_id,kg
63cef4fc-1e5d-4dbc-8970-c9af3d3164f1,800521e0-e318-4c9c-8385-7f45a3c066c9,22,0.4955073769488998
da9b6f3f-cc3c-4a7b-9e5c-0cf1212d8fbd,c649b4ba-4891-48e6-b99d-ce87092b027c,22,0.9783469270393179
