id,forager_id,item_id,kg
1da8174b-d8e0-4356-b373-9cc233ff002e,7b290408-86c4-4f00-8dd4-cae7b6ac63bb,24,4.242901770190434
fa23cd53-e7c3-472b-9bb8-4b86eed66dcc,9930760a-da47-4bf4-b7db-889341431822,9,4.87406097596369
