id,forager_id,item_id,kg
d413da26-9b09-4459-ab76-a0fd5de2697b,db4c710b-fc85-484e-a22e-0113fd8e63db,7,4.675767652865253
3f87cf01-65f4-4a19-8739-d35f5f6833fe,e6a8d692-f80a-473e-b86e-ee1583b53932,12,3.027554294525159
