id,forager_id,item_id,kg
b46932e8-98ec-40ff-8d85-35914de013de,6d4ccaab-acef-45a4-a537-719f5b372123,20,0.5949939958951949
a9716c15-8253-454b-8c52-59f2e21ffa6f,5b768113-0dc0-4bdd-9faa-3c0ec7e097eb,4,0.4773396127608358
