id,forager_id,item_id,kg
a4eaee8a-5db6-4d59-a8e5-a69b9c1410d6,5be5ca5b-9162-4555-bbe2-917355f75c84,5,1.090411951869702
99883ff3-ec0f-43e6-80b5-2e2c69c826b5,3b0fe533-8cce-4b63-937e-88201c39b3b3,2,2.6923069594789104
