id,forager_id,item_id,kg
28b441ff-b8c9-410c-b567-8bd021fbe0db,3594edf3-2bfa-49ba-b927-9d3a57d444fb,11,1.0392402508883174
4094c1fb-234b-4367-82b6-27a064c389eb,b3e85bc1-b868-4267-a225-eea000585f1c,18,2.0305542879754386
d13e0e06-0017-4bab-90a2-2d29aaf1dee2,4cda93e3-6ebe-421d-aa63-61480bec7e10,13,0.7745091062557562
