id,forager_id,item_id,kg
ae2847ea-63b8-4ef8-9f01-04699e2cec7d,17ffcad1-8b32-4aba-84f5-7a2681b34d23,27,0.4636906550879226
0b999592-6968-45e1-af85-1a93d051cc7a,97b1438e-00c4-4b54-997c-d652596fd673,28,3.312650675285645
d7827362-dcc8-485a-8042-17f13094876d,de99c578-61ce-4a69-b0ab-d53541ca4bba,7,4.020309203423176
1e171fc6-10a8-4b75-afff-46c70926ec82,d1989823-5a95-4148-a32b-1d7a6a3a43c5,10,2.4712744964310134
