id,forager_id,item_id,kg
649be910-7ae1-46a2-9e35-d2f3139ae483,8cf34ccc-7795-4312-a22b-48889b687327,5,0.42006763690967275
d1ea9ea6-2dc4-42d6-bc59-742cf66078e8,b3e85bc1-b868-4267-a225-eea000585f1c,14,3.7854315804522027
1d64c428-1b74-4840-868d-e87f79804747,77133261-e856-4e52-997b-db754ea99848,4,3.127285162781484
