id,forager_id,item_id,kg
aa112c69-cb80-4602-9556-3fad08d3f6b6,298293c4-c348-4e2d-a5d7-2fa9e581d9da,15,1.1459384382286615
7964fd30-1cbe-460e-a8b2-906f6d849f12,2f9844ff-fbce-4d05-b92e-ca5cb7c6f6d5,13,0.6322883367009712
