id,forager_id,item_id,kg
3694c137-2cd4-4c0a-b9d3-47ee53b7dcc8,a9fd6237-d486-4ec5-91bc-f7337404f59c,17,3.7391145571996565
ab596618-6a7c-488d-8d22-81370da292c0,1ed3646e-b530-4287-baef-9934d0839a2d,21,2.456479694255675
