id,forager_id,item_id,kg
f5e9dd13-b1c4-4058-9f7f-50e26f5b5a68,b1926469-62f0-4f8a-b72b-f868b11a8ce2,25,2.713592651390031
dbf3c7c9-a26f-49aa-902f-f273400ba594,1ac7292f-99d0-478d-ad6a-00345b1d25a2,27,0.621265259839499
