id,forager_id,item_id,kg
a1ff1c5e-6a04-48e3-adcb-bb1b95b932c4,b9d362aa-612c-423d-9955-db0bc3e0eae9,3,4.6613608336142915
c3bbe3f9-9007-40f1-96fa-1babb07ff9ab,fc3d6fe6-3867-45a8-ab9b-d5e235b67bb1,24,2.3833984406065607
