id,forager_id,item_id,kg
1eaa5b35-2f94-4922-951c-40a5dd7d71dc,0e4707f4-407e-4ec9-9665-baca0aabe88c,8,0.29065145145033155
b750e845-0019-4f91-a344-85ba06a5bb2f,e262775b-d5aa-4ca1-80be-a49862fff566,10,1.8294339699760371
bcd75d63-c86c-4730-95a1-1bdd2435d3f2,eb834702-e31a-4b38-867b-67f4be0af1ab,10,2.6850662551261157
