id,forager_id,item_id,kg
0d4f9cc2-cbac-4ffd-bbda-2fd7b24f4c5c,eff686d1-6974-4d89-88a7-3a75fe466f4d,20,1.4545908746541585
4d82b6a7-7683-4232-94e7-75e681e6baf6,8925c8ae-a5ea-4121-ad8e-95d99e4b31df,22,0.7982339169366569
