id,forager_id,item_id,kg
fedbe40e-9c29-4c15-8f34-421cafd38411,7a703630-1dfb-4280-a36d-2e33cf4b20e2,19,2.163630129922982
bc2e9a32-bf97-4921-bc39-a70a39bf8c25,ec5ec857-a6d2-4524-a0b7-4a4736f821e3,26,3.462542920996563
9b7f7043-61d6-429e-8a01-4e0eb7095fcf,f8cb1773-383a-4fae-a29a-1c1bde2282aa,28,0.1226154495183395
5c1c9b60-f9e7-4731-a2b2-2e28de92979c,9d67eeed-89d9-4dee-b737-aabf75e6ed3b,28,1.3768751044848133
