id,forager_id,item_id,kg
1ab82255-9ad9-43b9-a748-a0e54a457aa4,48b5c2e4-f85d-4389-9941-c5b044749483,12,5.045438079060429
68644292-b767-4e52-9b2e-9656b15d22d7,86de9b2c-163b-49f7-84c5-99bdeafaa4d5,25,1.6528633714304342
18a7ab11-e3d5-4d09-a749-00846ef5ad81,cd33af4f-2ab5-427a-aa85-db6d7a79fa71,1,1.7807541705051904
