id,forager_id,item_id,kg
9ee41f8c-c3c3-4ddf-a3cb-2c4dc8d44ec5,2338949f-c0b7-405e-800c-f416467d7ac0,20,2.6297430242736946
051721a1-ef35-483c-aea1-3b6f20e517b9,a4538c15-173a-4d97-953e-506756c13cfb,8,2.404602794326876
