id,forager_id,item_id,kg
907a39b2-96e3-4235-af3c-2c8d0b46a25d,d80115b4-99fe-47c2-9916-34c0d5772d9a,28,3.8993855266825177
6da8cbe5-3bda-4b33-9db0-28279c427d5c,80371faf-3771-46d4-8034-f284330a85bc,5,2.057968526057437
6b9e8da0-caa3-4795-b8c4-95d03f445886,4efe6cd8-65fa-4e26-bac5-37f9ac24caea,8,4.7668033639710625
