id,forager_id,item_id,kg
535793c7-d7a4-41e4-bfcb-98468af2e2f5,e054afee-7c9c-4756-87ad-1d5d049bcd27,20,1.5096967645141757
b7f5007d-c43c-49e3-8987-b440463f139e,4c0cdaa7-52c4-40b1-8986-9a6f048e6c7e,26,0.9944407385282887
