id,forager_id,item_id,kg
a5faf65e-a864-41e1-999a-f1664b935c1a,13b1a273-277c-4d29-89e3-29d90cb17980,16,0.5372955134441192
a7d2bad9-9b7c-482b-a2e4-935edd04b692,8f2daae0-707d-4c0b-b13e-e528b4da3916,6,1.6177805881494844
