id,forager_id,item_id,kg
4bd1f237-a737-4dac-bd3d-697535ba8fce,f9b84747-6d35-4ee7-9a27-bf6fd753f4bc,15,3.8613183493374414
3a73d0c6-78c6-4b7c-8c22-e8e1ab5185a4,4b8e03e3-8d76-4807-92a9-7f156c7b31a3,27,5.048418365870594
