id,forager_id,item_id,kg
54ca6792-3dcc-4f45-bc6a-1b27add45fad,20d1ef19-8ca1-4b19-9f7e-0319be0319c0,25,1.595202380974855
2141a398-a8c3-43b3-b15e-b33c9afcefcc,f453b6b4-61c8-4357-a7d5-a3e55f0ef4a8,6,1.6442067107976932
