id,forager_id,item_id,kg
02673313-07ae-4170-8b1a-b6a5e70a257e,1e684c77-8015-477a-80d4-ec8be046d5a9,8,1.2423982756207512
814c5d25-9e3a-427e-9d56-4740c3c531a7,84f13483-e2f0-4c38-b727-f48276502ac6,11,1.9156059962067273
177a5153-3504-4dc5-8f25-44cfaa8e3714,f453b6b4-61c8-4357-a7d5-a3e55f0ef4a8,22,2.604088663534213
