id,forager_id,item_id,kg
4f874c40-bc62-4345-b17c-15507339bcce,b54e9f99-481f-40ec-bb6a-e1ff16ce7186,12,3.564120124249397
94502865-a565-4b63-a85e-fbf1386a9399,390f6521-3e28-4a54-b00b-e8ea07c66710,27,3.699165164839271
