id,forager_id,item_id,kg
d4c9af32-7f3c-45a2-886c-7ac21d6edb69,8d3162cc-8519-4b88-b6b7-532d2f77a790,22,1.2238691969295667
98162fb7-04f0-4432-b9c5-1c0b0bd05611,70e9b083-df36-42b4-82b8-9bfb06423489,18,3.7087615079722496
