id,forager_id,item_id,kg
19697d3c-6547-4b6e-9e81-5bcf422806b1,004f6aac-b96f-4411-867f-792779a329c4,25,2.7850654013788865
0f034521-b1d3-4fc3-895c-85101055dcbc,6a0ca402-2f8a-47cc-8ce1-801cf00297ab,24,4.704783761179148
