id,forager_id,item_id,kg
81ed6545-7974-4fc0-8747-d027e6e41e3c,726c4aac-f4c4-44b4-afaa-752e13b6744c,3,4.36288931881351
cce37f4a-6c79-4f3b-bc65-7afd324855fc,685ac51a-207c-4436-b533-b0fd98d03e17,2,4.382073849987022
