id,forager_id,item_id,kg
4821d1fd-abc1-4891-85bf-e29a5e8293ca,6c0251a9-a925-4077-8b38-70b2d9d14558,19,1.765809260296329
6240fcdd-5e4e-47c6-bf38-a33c21659bcd,2f813385-2de2-4334-b361-74692c6962b9,24,2.7828753276386893
e3c3a71b-791f-427b-a8d9-b3d2070316fe,ea3d3155-368e-4220-a83a-18c13085960c,26,2.0015492454209336
