id,forager_id,item_id,kg
30202e58-a0bb-43a8-9c09-b6f2d836ad8c,0055fed8-17c3-4d0f-9a36-fe5d0ba9dd44,22,4.597928452603535
07e75296-a0f1-415f-839c-ffd8b4c12876,eac6fcc5-fe60-4408-a7b2-39d6fe207549,23,0.9824931312971312
