id,forager_id,item_id,kg
e7bf5b84-fdbe-40e9-9115-e33b5c14fed5,fc3d6fe6-3867-45a8-ab9b-d5e235b67bb1,18,5.052826871090399
2dfab850-ea4e-4b01-aa55-46db365eca56,68eaa13f-a1e7-44ac-9533-155f9426f70b,27,3.008644057839692
