id,forager_id,item_id,kg
95d68da9-1d73-4494-a898-5dbfaeeb43a6,05e0e5f8-1c3e-4ae1-8e5f-9980af99fbc5,3,2.933500091213846
adc341cc-468a-4852-8762-0966b242db55,052433b4-8837-4214-b5e2-bc78c911c6c5,23,0.35360197195092635
