id,forager_id,item_id,kg
e0b8dbc2-7d9f-4a7f-8985-ff4c3967f5fd,44e5616d-cfe5-4a18-b781-d5ecbb45edc8,1,1.3002034022673632
a3b0d70d-f437-44f0-9e60-5ec86dd505c8,19564fca-6869-4875-b032-59f07e572510,5,0.7129487936472699
