id,forager_id,item_id,kg
978a8d40-e221-440c-b9f6-87e5b2109d40,c5fba6a9-c03b-4e92-8234-a873ed3b2648,13,0.7353317115361384
f22e5e4b-4dc9-4a5c-b36f-58028f3f6881,7e794136-066f-46fd-8931-73cf8d7bb4da,3,0.7278653773113013
