id,forager_id,item_id,kg
fb6e4f35-3083-4b7b-a6c7-8bb87b1f6800,e6b90ffc-c28a-4b4b-b14d-0d0a3e7b4fb2,21,0.529357406660934
b4d0389f-1ed5-449f-bea1-f4385a7ed9ee,1f6c1df3-84da-4377-b113-f752207b635f,24,2.5617280576725903
