id,forager_id,item_id,kg
7cf80bd6-c41d-4744-aa0b-9eaf28b01f75,db0e8971-5794-41b6-bd88-6a05607bd586,8,4.18294494844127
944ff7df-50d3-48f0-a07b-ed9ea8a3e944,043a6a9b-a02c-4c9e-b385-262e64fc34c6,23,4.655703399694142
