id,forager_id,item_id,kg
f92b8ceb-dfac-451d-a83a-a183bf22108d,455f815d-9a55-4dd4-8e51-caea66f7f5c6,11,1.507675546192679
96f94829-a6bc-425e-ab73-8c10175ac849,e262775b-d5aa-4ca1-80be-a49862fff566,7,4.33392023428456
