id,forager_id,item_id,kg
508bb945-8ef8-46e5-b04c-4fa40dee99ad,3e792707-5d68-469d-9b47-b275ec35ee72,24,2.4611458359414966
c2fa65e8-05f5-43f4-b7c9-b92e1b85c846,0df837db-76c1-4912-ba99-1264761205a2,15,1.7039712854759053
