id,forager_id,item_id,kg
1bbb1cf1-8138-43fd-85c4-e3b5cb577871,32704ced-6c16-4058-a01f-61dfd44d9736,17,4.689362635210773
b7792309-1843-4a83-b4bf-d5abf773b3f6,9c8667f9-69ef-4402-b4fb-d161e1418365,6,3.6904001523139587
b16226b1-a8d7-42ea-ac2d-134062046d38,d1989823-5a95-4148-a32b-1d7a6a3a43c5,4,0.1509649409915769
2cc6f193-a409-48ff-971a-7d3e63c27bb0,0d136baa-b6e0-449c-ab93-d313ab918a2a,5,4.036916409650378
