id,forager_id,item_id,kg
f0927e3d-753d-4211-8455-f9d141683872,75578e78-c02b-4f85-b66d-07aac3207fe8,18,3.727235299384907
942cfa17-8295-48e0-96e2-f0652e9044c6,35c0e71b-602f-4916-a188-d7fccfc3f21d,8,1.050395958929126
