id,forager_id,item_id,kg
46d3ee5d-cfe5-48e6-bf2f-72268f0a2c2a,004f6aac-b96f-4411-867f-792779a329c4,5,0.5
8774c8a7-da03-491b-9794-f534ea1a7bf5,d8c69e81-e66a-47bd-997a-9ffe22c5f56f,4,4.904625873047845
7ea6454f-bc0e-42da-a607-17bd8a5f50ea,9d67eeed-89d9-4dee-b737-aabf75e6ed3b,7,3.5601956817148523
