id,forager_id,item_id,kg
141402c5-1cc1-4680-ab4b-5f58bacc95d2,883b223d-7e25-4ac8-9e5d-c56a4d562d60,23,3.9352530893524857
fc09cd6f-7a5c-46e9-a1fd-4f9ce1323000,c6c7b46e-ab1d-423c-bd2d-c921f0b8de94,5,5.06484098323278
