id,forager_id,item_id,kg
91bc8a26-e9ae-4d45-8549-2827da18e6e5,666892ed-693f-42fe-84a6-def56740b1cd,14,3.7561155317242263
11514e39-ef47-4690-adc8-69648bc3079a,a1980d6d-9fb3-4893-8f1f-1700000157b4,25,4.478953262613037
