id,forager_id,item_id,kg
6532a9fc-3aee-4ec0-87ad-faf8a5c6ec7f,fb037917-246c-4cdb-85c7-9115c6ba72a3,18,4.297661844522919
5d0a6279-6689-424e-9074-80c2405f881c,d1cc5eb4-ebdb-4f25-9323-8446cadc2b90,15,4.882328528702547
d6a0bfd1-800f-4276-a5e2-b74c2c40f4ae,afb3e11f-9517-4d2d-aa93-e14d1b736717,7,2.241515172631505
