id,forager_id,item_id,kg
013a7f12-99eb-4c2f-b5a7-6d49e5397040,4efe6cd8-65fa-4e26-bac5-37f9ac24caea,21,0.7988246880900417
03024d33-7c3a-4eae-b0d7-f630819f722c,d60182a4-1d14-47aa-923f-b4e134deaf40,5,4.170419497751888
710e3487-2f16-443d-9326-afb260ba1777,86ca09d6-7e97-4d57-94ba-302a62ad2c7a,24,3.627442340350215
e5c537bd-7e25-4500-b49b-653af96407e3,b65ce526-8de8-4aef-bb7c-f9d050ba91e6,14,4.846031619824583
